id,series,number,db_page_count,real_pages,junk_entries,page_count_wrong,path
2491,2000 AD,2464,64,32,32,True,L:\Comic Archives\#\Series\2000 AD\2000 AD - 2026\2000AD #2464 (2026).cbz
2492,2000 AD,2465,64,32,32,True,L:\Comic Archives\#\Series\2000 AD\2000 AD - 2026\2000AD #2465 (2026).cbz
2493,2000 AD,2466,64,32,32,True,L:\Comic Archives\#\Series\2000 AD\2000 AD - 2026\2000AD #2466 (2026).cbz
2494,2000 AD,2467,64,32,32,True,L:\Comic Archives\#\Series\2000 AD\2000 AD - 2026\2000AD #2467 (2026).cbz
2496,2000 AD,2469,64,32,32,True,L:\Comic Archives\#\Series\2000 AD\2000 AD - 2026\2000AD #2469 (2026).cbz
2497,2000 AD,2470,64,32,32,True,L:\Comic Archives\#\Series\2000 AD\2000 AD - 2026\2000AD #2470 (2026).cbz
2498,2000 AD,2471,64,32,32,True,L:\Comic Archives\#\Series\2000 AD\2000 AD - 2026\2000AD #2471 (2026).cbz
2499,2000 AD,2472,64,32,32,True,L:\Comic Archives\#\Series\2000 AD\2000 AD - 2026\2000AD #2472 (2026).cbz
2500,2000 AD,2473,64,32,32,True,L:\Comic Archives\#\Series\2000 AD\2000 AD - 2026\2000AD #2473 (2026).cbz
2501,2000 AD,2474,64,32,32,True,L:\Comic Archives\#\Series\2000 AD\2000 AD - 2026\2000AD #2474 (2026).cbz
2502,2000 AD,2475,64,32,32,True,L:\Comic Archives\#\Series\2000 AD\2000 AD - 2026\2000AD #2475 (2026).cbz
2503,2000 AD,2476,104,52,52,True,L:\Comic Archives\#\Series\2000 AD\2000 AD - 2026\2000AD #2476 (2026).cbz
2504,2000 AD,2477,64,32,32,True,L:\Comic Archives\#\Series\2000 AD\2000 AD - 2026\2000AD #2477 (2026).cbz
2508,2000 AD,2481,64,32,32,True,L:\Comic Archives\#\Series\2000 AD\2000 AD - 2026\2000AD #2481 (2026).cbz
2509,2000 AD,2482,64,32,32,True,L:\Comic Archives\#\Series\2000 AD\2000 AD - 2026\2000AD #2482 (2026).cbz
2510,2000 AD,2483,64,32,32,True,L:\Comic Archives\#\Series\2000 AD\2000 AD - 2026\2000AD #2483 (2026).cbz
2511,2000 AD,2484,64,32,32,True,L:\Comic Archives\#\Series\2000 AD\2000 AD - 2026\2000AD #2484 (2026).cbz
2514,2000 AD,2487,104,52,52,True,L:\Comic Archives\#\Series\2000 AD\2000 AD - 2026\2000AD #2487 (2026).cbz
2516,2000 AD,2489,64,32,32,True,L:\Comic Archives\#\Series\2000 AD\2000 AD - 2026\2000AD #2489 (2026).cbz
2517,2000 AD,2490,64,32,32,True,L:\Comic Archives\#\Series\2000 AD\2000 AD - 2026\2000AD #2490 (2026).cbz
2518,2000 AD,2491,64,32,32,True,L:\Comic Archives\#\Series\2000 AD\2000 AD - 2026\2000AD #2491 (2026).cbz
4077,Judge Dredd - One-Eyed Jacks,1,232,116,116,True,L:\Comic Archives\J\Singles\Judge Dredd - One-Eyed Jacks (2025)\Judge Dredd - One-Eyed Jacks (2025).cbz
